sheet_name,row_kind,season_group,season_name,type_name,month_name,month_code,sold_amt,sold_gross,soh_price
2026 PLAN (2),detail,SEASONAL,2022SS,ACCESSORY,JAN,2601,-20.549999999999983,-40.0,1125691.0
2026 PLAN (2),detail,SEASONAL,2022SS,ACCESSORY,FEB,2602,284.82,628.0,1125063.0
2026 PLAN (2),detail,SEASONAL,2022SS,ACCESSORY,MAR,2603,0.0,0.0,1125063.0
2026 PLAN (2),detail,SEASONAL,2022SS,ACCESSORY,APR,2604,0.0,0.0,1125063.0
2026 PLAN (2),detail,SEASONAL,2022SS,ACCESSORY,MAY,2605,0.0,0.0,1125063.0
2026 PLAN (2),detail,SEASONAL,2022SS,ACCESSORY,JUN,2606,0.0,0.0,1125063.0
2026 PLAN (2),detail,SEASONAL,2022SS,ACCESSORY,JUL,2607,0.0,0.0,1125063.0
2026 PLAN (2),detail,SEASONAL,2022SS,ACCESSORY,AUG,2608,0.0,0.0,1125063.0
2026 PLAN (2),detail,SEASONAL,2022SS,ACCESSORY,SEP,2609,0.0,0.0,1125063.0
2026 PLAN (2),detail,SEASONAL,2022SS,ACCESSORY,OCT,2610,0.0,0.0,1125063.0
2026 PLAN (2),detail,SEASONAL,2022SS,ACCESSORY,NOV,2611,0.0,0.0,1125063.0
2026 PLAN (2),detail,SEASONAL,2022SS,ACCESSORY,DEC,2612,0.0,0.0,1125063.0
2026 PLAN (2),detail,SEASONAL,2022SS,WEAR,JAN,2601,2195.72,4230.0,2216796.0
2026 PLAN (2),detail,SEASONAL,2022SS,WEAR,FEB,2602,2241.79,4201.0,2212595.0
2026 PLAN (2),detail,SEASONAL,2022SS,WEAR,MAR,2603,0.0,0.0,2212595.0
2026 PLAN (2),detail,SEASONAL,2022SS,WEAR,APR,2604,0.0,0.0,2212595.0
2026 PLAN (2),detail,SEASONAL,2022SS,WEAR,MAY,2605,0.0,0.0,2212595.0
2026 PLAN (2),detail,SEASONAL,2022SS,WEAR,JUN,2606,0.0,0.0,2212595.0
2026 PLAN (2),detail,SEASONAL,2022SS,WEAR,JUL,2607,0.0,0.0,2212595.0
2026 PLAN (2),detail,SEASONAL,2022SS,WEAR,AUG,2608,0.0,0.0,2212595.0
2026 PLAN (2),detail,SEASONAL,2022SS,WEAR,SEP,2609,0.0,0.0,2212595.0
2026 PLAN (2),detail,SEASONAL,2022SS,WEAR,OCT,2610,0.0,0.0,2212595.0
2026 PLAN (2),detail,SEASONAL,2022SS,WEAR,NOV,2611,0.0,0.0,2212595.0
2026 PLAN (2),detail,SEASONAL,2022SS,WEAR,DEC,2612,0.0,0.0,2212595.0
2026 PLAN (2),season_total,SEASONAL,2022SS Total,,JAN,2601,2175.1699999999996,4190.0,3342487.0
2026 PLAN (2),season_total,SEASONAL,2022SS Total,,FEB,2602,2526.61,4829.0,3337658.0
2026 PLAN (2),season_total,SEASONAL,2022SS Total,,MAR,2603,0.0,0.0,3337658.0
2026 PLAN (2),season_total,SEASONAL,2022SS Total,,APR,2604,0.0,0.0,3337658.0
2026 PLAN (2),season_total,SEASONAL,2022SS Total,,MAY,2605,0.0,0.0,3337658.0
2026 PLAN (2),season_total,SEASONAL,2022SS Total,,JUN,2606,0.0,0.0,3337658.0
2026 PLAN (2),season_total,SEASONAL,2022SS Total,,JUL,2607,0.0,0.0,3337658.0
2026 PLAN (2),season_total,SEASONAL,2022SS Total,,AUG,2608,0.0,0.0,3337658.0
2026 PLAN (2),season_total,SEASONAL,2022SS Total,,SEP,2609,0.0,0.0,3337658.0
2026 PLAN (2),season_total,SEASONAL,2022SS Total,,OCT,2610,0.0,0.0,3337658.0
2026 PLAN (2),season_total,SEASONAL,2022SS Total,,NOV,2611,0.0,0.0,3337658.0
2026 PLAN (2),season_total,SEASONAL,2022SS Total,,DEC,2612,0.0,0.0,3337658.0
2026 PLAN (2),detail,SEASONAL,2022FW,ACCESSORY,JAN,2601,39331.96,90295.0,3658735.0
2026 PLAN (2),detail,SEASONAL,2022FW,ACCESSORY,FEB,2602,24463.82,64239.0,3594496.0
2026 PLAN (2),detail,SEASONAL,2022FW,ACCESSORY,MAR,2603,0.0,0.0,3594496.0
2026 PLAN (2),detail,SEASONAL,2022FW,ACCESSORY,APR,2604,0.0,0.0,3594496.0
2026 PLAN (2),detail,SEASONAL,2022FW,ACCESSORY,MAY,2605,0.0,0.0,3594496.0
2026 PLAN (2),detail,SEASONAL,2022FW,ACCESSORY,JUN,2606,0.0,0.0,3594496.0
2026 PLAN (2),detail,SEASONAL,2022FW,ACCESSORY,JUL,2607,0.0,0.0,3594496.0
2026 PLAN (2),detail,SEASONAL,2022FW,ACCESSORY,AUG,2608,0.0,0.0,3594496.0
2026 PLAN (2),detail,SEASONAL,2022FW,ACCESSORY,SEP,2609,0.0,0.0,3594496.0
2026 PLAN (2),detail,SEASONAL,2022FW,ACCESSORY,OCT,2610,0.0,0.0,3594496.0
2026 PLAN (2),detail,SEASONAL,2022FW,ACCESSORY,NOV,2611,0.0,0.0,3594496.0
2026 PLAN (2),detail,SEASONAL,2022FW,ACCESSORY,DEC,2612,0.0,0.0,3594496.0
2026 PLAN (2),detail,SEASONAL,2022FW,WEAR,JAN,2601,252109.5,760936.0,12846275.0
2026 PLAN (2),detail,SEASONAL,2022FW,WEAR,FEB,2602,225521.26000000004,657524.0,12188751.0
2026 PLAN (2),detail,SEASONAL,2022FW,WEAR,MAR,2603,0.0,0.0,12188751.0
2026 PLAN (2),detail,SEASONAL,2022FW,WEAR,APR,2604,0.0,0.0,12188751.0
2026 PLAN (2),detail,SEASONAL,2022FW,WEAR,MAY,2605,0.0,0.0,12188751.0
2026 PLAN (2),detail,SEASONAL,2022FW,WEAR,JUN,2606,0.0,0.0,12188751.0
2026 PLAN (2),detail,SEASONAL,2022FW,WEAR,JUL,2607,0.0,0.0,12188751.0
2026 PLAN (2),detail,SEASONAL,2022FW,WEAR,AUG,2608,0.0,0.0,12188751.0
2026 PLAN (2),detail,SEASONAL,2022FW,WEAR,SEP,2609,0.0,0.0,12188751.0
2026 PLAN (2),detail,SEASONAL,2022FW,WEAR,OCT,2610,0.0,0.0,12188751.0
2026 PLAN (2),detail,SEASONAL,2022FW,WEAR,NOV,2611,0.0,0.0,12188751.0
2026 PLAN (2),detail,SEASONAL,2022FW,WEAR,DEC,2612,0.0,0.0,12188751.0
2026 PLAN (2),season_total,SEASONAL,2022FW Total,,JAN,2601,291441.46,851231.0,16505010.0
2026 PLAN (2),season_total,SEASONAL,2022FW Total,,FEB,2602,249985.08000000005,721763.0,15783247.0
2026 PLAN (2),season_total,SEASONAL,2022FW Total,,MAR,2603,0.0,0.0,15783247.0
2026 PLAN (2),season_total,SEASONAL,2022FW Total,,APR,2604,0.0,0.0,15783247.0
2026 PLAN (2),season_total,SEASONAL,2022FW Total,,MAY,2605,0.0,0.0,15783247.0
2026 PLAN (2),season_total,SEASONAL,2022FW Total,,JUN,2606,0.0,0.0,15783247.0
2026 PLAN (2),season_total,SEASONAL,2022FW Total,,JUL,2607,0.0,0.0,15783247.0
2026 PLAN (2),season_total,SEASONAL,2022FW Total,,AUG,2608,0.0,0.0,15783247.0
2026 PLAN (2),season_total,SEASONAL,2022FW Total,,SEP,2609,0.0,0.0,15783247.0
2026 PLAN (2),season_total,SEASONAL,2022FW Total,,OCT,2610,0.0,0.0,15783247.0
2026 PLAN (2),season_total,SEASONAL,2022FW Total,,NOV,2611,0.0,0.0,15783247.0
2026 PLAN (2),season_total,SEASONAL,2022FW Total,,DEC,2612,0.0,0.0,15783247.0
2026 PLAN (2),detail,SEASONAL,2023SS,ACCESSORY,JAN,2601,4829.24,10170.0,1949855.0
2026 PLAN (2),detail,SEASONAL,2023SS,ACCESSORY,FEB,2602,2733.08,5719.0,1944136.0
2026 PLAN (2),detail,SEASONAL,2023SS,ACCESSORY,MAR,2603,0.0,0.0,1944136.0
2026 PLAN (2),detail,SEASONAL,2023SS,ACCESSORY,APR,2604,18550.0,61833.33333333332,1882302.6666666667
2026 PLAN (2),detail,SEASONAL,2023SS,ACCESSORY,MAY,2605,20900.0,69666.66666666666,1812636.0
2026 PLAN (2),detail,SEASONAL,2023SS,ACCESSORY,JUN,2606,19220.0,71185.18518518518,1741450.8148148148
2026 PLAN (2),detail,SEASONAL,2023SS,ACCESSORY,JUL,2607,22500.0,90000.0,1651450.8148148148
2026 PLAN (2),detail,SEASONAL,2023SS,ACCESSORY,AUG,2608,25050.0,100200.0,1551250.8148148148
2026 PLAN (2),detail,SEASONAL,2023SS,ACCESSORY,SEP,2609,0.0,0.0,1551250.8148148148
2026 PLAN (2),detail,SEASONAL,2023SS,ACCESSORY,OCT,2610,0.0,0.0,1551250.8148148148
2026 PLAN (2),detail,SEASONAL,2023SS,ACCESSORY,NOV,2611,0.0,0.0,1551250.8148148148
2026 PLAN (2),detail,SEASONAL,2023SS,ACCESSORY,DEC,2612,0.0,0.0,1551250.8148148148
2026 PLAN (2),detail,SEASONAL,2023SS,WEAR,JAN,2601,31386.229999999996,67741.0,20273992.0
2026 PLAN (2),detail,SEASONAL,2023SS,WEAR,FEB,2602,46185.97999999999,96480.0,20177512.0
2026 PLAN (2),detail,SEASONAL,2023SS,WEAR,MAR,2603,94500.0,210000.00000000003,19967512.0
2026 PLAN (2),detail,SEASONAL,2023SS,WEAR,APR,2604,148400.0,494666.66666666657,19472845.333333332
2026 PLAN (2),detail,SEASONAL,2023SS,WEAR,MAY,2605,209000.0,696666.6666666665,18776178.666666664
2026 PLAN (2),detail,SEASONAL,2023SS,WEAR,JUN,2606,192200.0,711851.8518518518,18064326.814814813
2026 PLAN (2),detail,SEASONAL,2023SS,WEAR,JUL,2607,337500.0,1350000.0,16714326.814814813
2026 PLAN (2),detail,SEASONAL,2023SS,WEAR,AUG,2608,325650.0,1302600.0,15411726.814814813
2026 PLAN (2),detail,SEASONAL,2023SS,WEAR,SEP,2609,231000.0,924000.0,14487726.814814813
2026 PLAN (2),detail,SEASONAL,2023SS,WEAR,OCT,2610,113900.0,455600.0,14032126.814814813
2026 PLAN (2),detail,SEASONAL,2023SS,WEAR,NOV,2611,0.0,0.0,14032126.814814813
2026 PLAN (2),detail,SEASONAL,2023SS,WEAR,DEC,2612,0.0,0.0,14032126.814814813
2026 PLAN (2),season_total,SEASONAL,2023SS Total,,JAN,2601,36215.469999999994,77911.0,22223847.0
2026 PLAN (2),season_total,SEASONAL,2023SS Total,,FEB,2602,48919.05999999999,102199.0,22121648.0
2026 PLAN (2),season_total,SEASONAL,2023SS Total,,MAR,2603,94500.0,210000.00000000003,21911648.0
2026 PLAN (2),season_total,SEASONAL,2023SS Total,,APR,2604,166950.0,556499.9999999999,21355148.0
2026 PLAN (2),season_total,SEASONAL,2023SS Total,,MAY,2605,229900.0,766333.3333333331,20588814.666666664
2026 PLAN (2),season_total,SEASONAL,2023SS Total,,JUN,2606,211420.0,783037.037037037,19805777.629629627
2026 PLAN (2),season_total,SEASONAL,2023SS Total,,JUL,2607,360000.0,1440000.0,18365777.629629627
2026 PLAN (2),season_total,SEASONAL,2023SS Total,,AUG,2608,350700.0,1402800.0,16962977.629629627
2026 PLAN (2),season_total,SEASONAL,2023SS Total,,SEP,2609,231000.0,924000.0,16038977.629629629
2026 PLAN (2),season_total,SEASONAL,2023SS Total,,OCT,2610,113900.0,455600.0,15583377.629629629
2026 PLAN (2),season_total,SEASONAL,2023SS Total,,NOV,2611,0.0,0.0,15583377.629629629
2026 PLAN (2),season_total,SEASONAL,2023SS Total,,DEC,2612,0.0,0.0,15583377.629629629
2026 PLAN (2),detail,SEASONAL,2023FW,ACCESSORY,JAN,2601,261157.33000000002,610952.0,9482643.0
2026 PLAN (2),detail,SEASONAL,2023FW,ACCESSORY,FEB,2602,164588.23999999996,384290.0,9098353.0
2026 PLAN (2),detail,SEASONAL,2023FW,ACCESSORY,MAR,2603,0.0,0.0,9098353.0
2026 PLAN (2),detail,SEASONAL,2023FW,ACCESSORY,APR,2604,0.0,0.0,9098353.0
2026 PLAN (2),detail,SEASONAL,2023FW,ACCESSORY,MAY,2605,0.0,0.0,9098353.0
2026 PLAN (2),detail,SEASONAL,2023FW,ACCESSORY,JUN,2606,0.0,0.0,9098353.0
2026 PLAN (2),detail,SEASONAL,2023FW,ACCESSORY,JUL,2607,0.0,0.0,9098353.0
2026 PLAN (2),detail,SEASONAL,2023FW,ACCESSORY,AUG,2608,0.0,0.0,9098353.0
2026 PLAN (2),detail,SEASONAL,2023FW,ACCESSORY,SEP,2609,15400.0,38500.0,9059853.0
2026 PLAN (2),detail,SEASONAL,2023FW,ACCESSORY,OCT,2610,22780.0,75933.33333333333,8983919.666666666
2026 PLAN (2),detail,SEASONAL,2023FW,ACCESSORY,NOV,2611,24050.0,80166.66666666666,8903753.0
2026 PLAN (2),detail,SEASONAL,2023FW,ACCESSORY,DEC,2612,34450.0,114833.33333333331,8788919.666666666
2026 PLAN (2),detail,SEASONAL,2023FW,WEAR,JAN,2601,863408.86,1819558.0,25245893.0
2026 PLAN (2),detail,SEASONAL,2023FW,WEAR,FEB,2602,662670.1899999997,1439175.0,23806718.0
2026 PLAN (2),detail,SEASONAL,2023FW,WEAR,MAR,2603,56700.0,126000.00000000001,23680718.0
2026 PLAN (2),detail,SEASONAL,2023FW,WEAR,APR,2604,0.0,0.0,23680718.0
2026 PLAN (2),detail,SEASONAL,2023FW,WEAR,MAY,2605,0.0,0.0,23680718.0
2026 PLAN (2),detail,SEASONAL,2023FW,WEAR,JUN,2606,0.0,0.0,23680718.0
2026 PLAN (2),detail,SEASONAL,2023FW,WEAR,JUL,2607,0.0,0.0,23680718.0
2026 PLAN (2),detail,SEASONAL,2023FW,WEAR,AUG,2608,0.0,0.0,23680718.0
2026 PLAN (2),detail,SEASONAL,2023FW,WEAR,SEP,2609,77000.0,192500.0,23488218.0
2026 PLAN (2),detail,SEASONAL,2023FW,WEAR,OCT,2610,113900.0,379666.6666666666,23108551.333333332
2026 PLAN (2),detail,SEASONAL,2023FW,WEAR,NOV,2611,144300.0,480999.99999999994,22627551.333333332
2026 PLAN (2),detail,SEASONAL,2023FW,WEAR,DEC,2612,206700.0,688999.9999999999,21938551.333333332
2026 PLAN (2),season_total,SEASONAL,2023FW Total,,JAN,2601,1124566.19,2430510.0,34728536.0
2026 PLAN (2),season_total,SEASONAL,2023FW Total,,FEB,2602,827258.4299999997,1823465.0,32905071.0
2026 PLAN (2),season_total,SEASONAL,2023FW Total,,MAR,2603,56700.0,126000.00000000001,32779071.0
2026 PLAN (2),season_total,SEASONAL,2023FW Total,,APR,2604,0.0,0.0,32779071.0
2026 PLAN (2),season_total,SEASONAL,2023FW Total,,MAY,2605,0.0,0.0,32779071.0
2026 PLAN (2),season_total,SEASONAL,2023FW Total,,JUN,2606,0.0,0.0,32779071.0
2026 PLAN (2),season_total,SEASONAL,2023FW Total,,JUL,2607,0.0,0.0,32779071.0
2026 PLAN (2),season_total,SEASONAL,2023FW Total,,AUG,2608,0.0,0.0,32779071.0
2026 PLAN (2),season_total,SEASONAL,2023FW Total,,SEP,2609,92400.0,231000.0,32548071.0
2026 PLAN (2),season_total,SEASONAL,2023FW Total,,OCT,2610,136680.0,455599.99999999994,32092471.0
2026 PLAN (2),season_total,SEASONAL,2023FW Total,,NOV,2611,168350.0,561166.6666666666,31531304.333333332
2026 PLAN (2),season_total,SEASONAL,2023FW Total,,DEC,2612,241150.0,803833.3333333333,30727471.0
2026 PLAN (2),detail,SEASONAL,2024SS,ACCESSORY,JAN,2601,2690.72,4228.0,3344776.0
2026 PLAN (2),detail,SEASONAL,2024SS,ACCESSORY,FEB,2602,4489.59,6495.0,3338281.0
2026 PLAN (2),detail,SEASONAL,2024SS,ACCESSORY,MAR,2603,18900.0,29076.923076923074,3309204.076923077
2026 PLAN (2),detail,SEASONAL,2024SS,ACCESSORY,APR,2604,18550.0,30916.666666666668,3278287.4102564105
2026 PLAN (2),detail,SEASONAL,2024SS,ACCESSORY,MAY,2605,20900.0,34833.333333333336,3243454.076923077
2026 PLAN (2),detail,SEASONAL,2024SS,ACCESSORY,JUN,2606,19220.0,38440.0,3205014.076923077
2026 PLAN (2),detail,SEASONAL,2024SS,ACCESSORY,JUL,2607,45000.0,100000.00000000001,3105014.076923077
2026 PLAN (2),detail,SEASONAL,2024SS,ACCESSORY,AUG,2608,50100.0,111333.33333333334,2993680.7435897435
2026 PLAN (2),detail,SEASONAL,2024SS,ACCESSORY,SEP,2609,15400.0,34222.222222222226,2959458.5213675215
2026 PLAN (2),detail,SEASONAL,2024SS,ACCESSORY,OCT,2610,0.0,0.0,2959458.5213675215
2026 PLAN (2),detail,SEASONAL,2024SS,ACCESSORY,NOV,2611,0.0,0.0,2959458.5213675215
2026 PLAN (2),detail,SEASONAL,2024SS,ACCESSORY,DEC,2612,0.0,0.0,2959458.5213675215
2026 PLAN (2),detail,SEASONAL,2024SS,WEAR,JAN,2601,149502.72000000003,243370.0,23931811.0
2026 PLAN (2),detail,SEASONAL,2024SS,WEAR,FEB,2602,239982.20999999996,388346.0,23543465.0
2026 PLAN (2),detail,SEASONAL,2024SS,WEAR,MAR,2603,567000.0,945000.0,22598465.0
2026 PLAN (2),detail,SEASONAL,2024SS,WEAR,APR,2604,556500.0,1011818.1818181818,21586646.818181816
2026 PLAN (2),detail,SEASONAL,2024SS,WEAR,MAY,2605,543400.0,987999.9999999999,20598646.818181816
2026 PLAN (2),detail,SEASONAL,2024SS,WEAR,JUN,2606,499720.0,999440.0,19599206.818181816
2026 PLAN (2),detail,SEASONAL,2024SS,WEAR,JUL,2607,472500.00000000006,1050000.0000000002,18549206.818181816
2026 PLAN (2),detail,SEASONAL,2024SS,WEAR,AUG,2608,501000.0,1113333.3333333335,17435873.484848484
2026 PLAN (2),detail,SEASONAL,2024SS,WEAR,SEP,2609,462000.0,1026666.6666666667,16409206.818181818
2026 PLAN (2),detail,SEASONAL,2024SS,WEAR,OCT,2610,227800.0,506222.22222222225,15902984.595959596
2026 PLAN (2),detail,SEASONAL,2024SS,WEAR,NOV,2611,240500.0,534444.4444444445,15368540.151515152
2026 PLAN (2),detail,SEASONAL,2024SS,WEAR,DEC,2612,344500.0,765555.5555555556,14602984.595959596
2026 PLAN (2),season_total,SEASONAL,2024SS Total,,JAN,2601,152193.44000000003,247598.0,27276587.0
2026 PLAN (2),season_total,SEASONAL,2024SS Total,,FEB,2602,244471.79999999996,394841.0,26881746.0
2026 PLAN (2),season_total,SEASONAL,2024SS Total,,MAR,2603,585900.0,974076.9230769231,25907669.076923076
2026 PLAN (2),season_total,SEASONAL,2024SS Total,,APR,2604,575050.0,1042734.8484848484,24864934.22843823
2026 PLAN (2),season_total,SEASONAL,2024SS Total,,MAY,2605,564300.0,1022833.3333333333,23842100.895104893
2026 PLAN (2),season_total,SEASONAL,2024SS Total,,JUN,2606,518940.0,1037880.0,22804220.895104893
2026 PLAN (2),season_total,SEASONAL,2024SS Total,,JUL,2607,517500.00000000006,1150000.0000000002,21654220.895104893
2026 PLAN (2),season_total,SEASONAL,2024SS Total,,AUG,2608,551100.0,1224666.6666666667,20429554.22843823
2026 PLAN (2),season_total,SEASONAL,2024SS Total,,SEP,2609,477400.0,1060888.888888889,19368665.33954934
2026 PLAN (2),season_total,SEASONAL,2024SS Total,,OCT,2610,227800.0,506222.22222222225,18862443.117327116
2026 PLAN (2),season_total,SEASONAL,2024SS Total,,NOV,2611,240500.0,534444.4444444445,18327998.672882672
2026 PLAN (2),season_total,SEASONAL,2024SS Total,,DEC,2612,344500.0,765555.5555555556,17562443.117327116
2026 PLAN (2),detail,SEASONAL,2024FW,ACCESSORY,JAN,2601,330607.09,495760.0,3945007.0
2026 PLAN (2),detail,SEASONAL,2024FW,ACCESSORY,FEB,2602,187925.31,283095.0,3661912.0
2026 PLAN (2),detail,SEASONAL,2024FW,ACCESSORY,MAR,2603,37800.0,58153.84615384615,3603758.153846154
2026 PLAN (2),detail,SEASONAL,2024FW,ACCESSORY,APR,2604,0.0,0.0,3603758.153846154
2026 PLAN (2),detail,SEASONAL,2024FW,ACCESSORY,MAY,2605,0.0,0.0,3603758.153846154
2026 PLAN (2),detail,SEASONAL,2024FW,ACCESSORY,JUN,2606,0.0,0.0,3603758.153846154
2026 PLAN (2),detail,SEASONAL,2024FW,ACCESSORY,JUL,2607,0.0,0.0,3603758.153846154
2026 PLAN (2),detail,SEASONAL,2024FW,ACCESSORY,AUG,2608,0.0,0.0,3603758.153846154
2026 PLAN (2),detail,SEASONAL,2024FW,ACCESSORY,SEP,2609,15400.0,23692.30769230769,3580065.8461538465
2026 PLAN (2),detail,SEASONAL,2024FW,ACCESSORY,OCT,2610,22780.0,35046.153846153844,3545019.6923076925
2026 PLAN (2),detail,SEASONAL,2024FW,ACCESSORY,NOV,2611,24050.0,37000.0,3508019.6923076925
2026 PLAN (2),detail,SEASONAL,2024FW,ACCESSORY,DEC,2612,34450.0,53000.0,3455019.6923076925
2026 PLAN (2),detail,SEASONAL,2024FW,WEAR,JAN,2601,2512712.25,4002521.0,40148511.0
2026 PLAN (2),detail,SEASONAL,2024FW,WEAR,FEB,2602,1882800.3599999999,3051704.0,37096807.0
2026 PLAN (2),detail,SEASONAL,2024FW,WEAR,MAR,2603,283500.0,472500.0,36624307.0
2026 PLAN (2),detail,SEASONAL,2024FW,WEAR,APR,2604,0.0,0.0,36624307.0
2026 PLAN (2),detail,SEASONAL,2024FW,WEAR,MAY,2605,0.0,0.0,36624307.0
2026 PLAN (2),detail,SEASONAL,2024FW,WEAR,JUN,2606,0.0,0.0,36624307.0
2026 PLAN (2),detail,SEASONAL,2024FW,WEAR,JUL,2607,0.0,0.0,36624307.0
2026 PLAN (2),detail,SEASONAL,2024FW,WEAR,AUG,2608,125250.0,227727.2727272727,36396579.72727273
2026 PLAN (2),detail,SEASONAL,2024FW,WEAR,SEP,2609,77000.0,140000.0,36256579.72727273
2026 PLAN (2),detail,SEASONAL,2024FW,WEAR,OCT,2610,410039.99999999994,745527.2727272726,35511052.45454545
2026 PLAN (2),detail,SEASONAL,2024FW,WEAR,NOV,2611,601250.0,1093181.8181818181,34417870.63636363
2026 PLAN (2),detail,SEASONAL,2024FW,WEAR,DEC,2612,689000.0,1252727.2727272727,33165143.36363636
2026 PLAN (2),season_total,SEASONAL,2024FW Total,,JAN,2601,2843319.34,4498281.0,44093518.0
2026 PLAN (2),season_total,SEASONAL,2024FW Total,,FEB,2602,2070725.67,3334799.0,40758719.0
2026 PLAN (2),season_total,SEASONAL,2024FW Total,,MAR,2603,321300.0,530653.8461538461,40228065.15384615
2026 PLAN (2),season_total,SEASONAL,2024FW Total,,APR,2604,0.0,0.0,40228065.15384615
2026 PLAN (2),season_total,SEASONAL,2024FW Total,,MAY,2605,0.0,0.0,40228065.15384615
2026 PLAN (2),season_total,SEASONAL,2024FW Total,,JUN,2606,0.0,0.0,40228065.15384615
2026 PLAN (2),season_total,SEASONAL,2024FW Total,,JUL,2607,0.0,0.0,40228065.15384615
2026 PLAN (2),season_total,SEASONAL,2024FW Total,,AUG,2608,125250.0,227727.2727272727,40000337.88111888
2026 PLAN (2),season_total,SEASONAL,2024FW Total,,SEP,2609,92400.0,163692.3076923077,39836645.573426574
2026 PLAN (2),season_total,SEASONAL,2024FW Total,,OCT,2610,432819.99999999994,780573.4265734265,39056072.14685315
2026 PLAN (2),season_total,SEASONAL,2024FW Total,,NOV,2611,625300.0,1130181.8181818181,37925890.32867133
2026 PLAN (2),season_total,SEASONAL,2024FW Total,,DEC,2612,723450.0,1305727.2727272727,36620163.055944055
2026 PLAN (2),detail,SEASONAL,2025SS,ACCESSORY,JAN,2601,6325.179999999999,6755.0,2828694.0
2026 PLAN (2),detail,SEASONAL,2025SS,ACCESSORY,FEB,2602,12290.43,13658.0,2815036.0
2026 PLAN (2),detail,SEASONAL,2025SS,ACCESSORY,MAR,2603,94500.0,111176.4705882353,2703859.529411765
2026 PLAN (2),detail,SEASONAL,2025SS,ACCESSORY,APR,2604,92750.0,109117.64705882354,2594741.882352941
2026 PLAN (2),detail,SEASONAL,2025SS,ACCESSORY,MAY,2605,83600.0,98352.94117647059,2496388.941176471
2026 PLAN (2),detail,SEASONAL,2025SS,ACCESSORY,JUN,2606,76880.0,93756.0975609756,2402632.843615495
2026 PLAN (2),detail,SEASONAL,2025SS,ACCESSORY,JUL,2607,90000.0,109756.0975609756,2292876.7460545194
2026 PLAN (2),detail,SEASONAL,2025SS,ACCESSORY,AUG,2608,100200.0,122195.12195121951,2170681.6241033
2026 PLAN (2),detail,SEASONAL,2025SS,ACCESSORY,SEP,2609,61600.0,75121.9512195122,2095559.6728837877
2026 PLAN (2),detail,SEASONAL,2025SS,ACCESSORY,OCT,2610,91120.0,111121.9512195122,1984437.7216642755
2026 PLAN (2),detail,SEASONAL,2025SS,ACCESSORY,NOV,2611,96200.0,117317.0731707317,1867120.6484935437
2026 PLAN (2),detail,SEASONAL,2025SS,ACCESSORY,DEC,2612,137800.0,168048.78048780488,1699071.8680057388
2026 PLAN (2),detail,SEASONAL,2025SS,WEAR,JAN,2601,323398.80000000005,419854.0,34315476.0
2026 PLAN (2),detail,SEASONAL,2025SS,WEAR,FEB,2602,1004037.999999999,1422450.0,32893026.0
2026 PLAN (2),detail,SEASONAL,2025SS,WEAR,MAR,2603,1171800.0,1674000.0,31219026.0
2026 PLAN (2),detail,SEASONAL,2025SS,WEAR,APR,2604,1576750.0,2252500.0,28966526.0
2026 PLAN (2),detail,SEASONAL,2025SS,WEAR,MAY,2605,1734700.0,2478142.8571428573,26488383.14285714
2026 PLAN (2),detail,SEASONAL,2025SS,WEAR,JUN,2606,1595260.0,2278942.8571428573,24209440.285714284
2026 PLAN (2),detail,SEASONAL,2025SS,WEAR,JUL,2607,1687500.0,2410714.285714286,21798725.999999996
2026 PLAN (2),detail,SEASONAL,2025SS,WEAR,AUG,2608,1753500.0000000002,2505000.0000000005,19293725.999999996
2026 PLAN (2),detail,SEASONAL,2025SS,WEAR,SEP,2609,924000.0,1320000.0,17973725.999999996
2026 PLAN (2),detail,SEASONAL,2025SS,WEAR,OCT,2610,683400.0,976285.7142857143,16997440.285714284
2026 PLAN (2),detail,SEASONAL,2025SS,WEAR,NOV,2611,721500.0,1030714.2857142858,15966725.999999998
2026 PLAN (2),detail,SEASONAL,2025SS,WEAR,DEC,2612,1378000.0,1968571.4285714286,13998154.571428569
2026 PLAN (2),season_total,SEASONAL,2025SS Total,,JAN,2601,329723.98000000004,426609.0,37144170.0
2026 PLAN (2),season_total,SEASONAL,2025SS Total,,FEB,2602,1016328.429999999,1436108.0,35708062.0
2026 PLAN (2),season_total,SEASONAL,2025SS Total,,MAR,2603,1266300.0,1785176.4705882352,33922885.52941176
2026 PLAN (2),season_total,SEASONAL,2025SS Total,,APR,2604,1669500.0,2361617.6470588236,31561267.88235294
2026 PLAN (2),season_total,SEASONAL,2025SS Total,,MAY,2605,1818300.0,2576495.7983193276,28984772.084033612
2026 PLAN (2),season_total,SEASONAL,2025SS Total,,JUN,2606,1672140.0,2372698.954703833,26612073.12932978
2026 PLAN (2),season_total,SEASONAL,2025SS Total,,JUL,2607,1777500.0,2520470.3832752616,24091602.746054515
2026 PLAN (2),season_total,SEASONAL,2025SS Total,,AUG,2608,1853700.0000000002,2627195.12195122,21464407.624103297
2026 PLAN (2),season_total,SEASONAL,2025SS Total,,SEP,2609,985600.0,1395121.9512195121,20069285.672883783
2026 PLAN (2),season_total,SEASONAL,2025SS Total,,OCT,2610,774520.0,1087407.6655052265,18981878.00737856
2026 PLAN (2),season_total,SEASONAL,2025SS Total,,NOV,2611,817700.0,1148031.3588850175,17833846.648493543
2026 PLAN (2),season_total,SEASONAL,2025SS Total,,DEC,2612,1515800.0,2136620.2090592333,15697226.439434309
2026 PLAN (2),detail,SEASONAL,2025FW,ACCESSORY,JAN,2601,1169253.79,1225902.0,2342381.0
2026 PLAN (2),detail,SEASONAL,2025FW,ACCESSORY,FEB,2602,989312.5499999998,1073689.0,2150928.0
2026 PLAN (2),detail,SEASONAL,2025FW,ACCESSORY,MAR,2603,94500.0,96428.57142857143,2054499.4285714286
2026 PLAN (2),detail,SEASONAL,2025FW,ACCESSORY,APR,2604,0.0,0.0,2054499.4285714286
2026 PLAN (2),detail,SEASONAL,2025FW,ACCESSORY,MAY,2605,0.0,0.0,2054499.4285714286
2026 PLAN (2),detail,SEASONAL,2025FW,ACCESSORY,JUN,2606,0.0,0.0,2054499.4285714286
2026 PLAN (2),detail,SEASONAL,2025FW,ACCESSORY,JUL,2607,0.0,0.0,2054499.4285714286
2026 PLAN (2),detail,SEASONAL,2025FW,ACCESSORY,AUG,2608,0.0,0.0,2054499.4285714286
2026 PLAN (2),detail,SEASONAL,2025FW,ACCESSORY,SEP,2609,0.0,0.0,2054499.4285714286
2026 PLAN (2),detail,SEASONAL,2025FW,ACCESSORY,OCT,2610,136680.0,139469.38775510204,1915030.0408163266
2026 PLAN (2),detail,SEASONAL,2025FW,ACCESSORY,NOV,2611,144300.0,147244.89795918367,1767785.142857143
2026 PLAN (2),detail,SEASONAL,2025FW,ACCESSORY,DEC,2612,206700.0,210918.3673469388,1556866.7755102043
2026 PLAN (2),detail,SEASONAL,2025FW,WEAR,JAN,2601,6708120.09,7781432.0,29132813.0
2026 PLAN (2),detail,SEASONAL,2025FW,WEAR,FEB,2602,4913850.420000004,5739090.0,23527219.0
2026 PLAN (2),detail,SEASONAL,2025FW,WEAR,MAR,2603,567000.0,623076.923076923,22904142.076923076
2026 PLAN (2),detail,SEASONAL,2025FW,WEAR,APR,2604,0.0,0.0,22904142.076923076
2026 PLAN (2),detail,SEASONAL,2025FW,WEAR,MAY,2605,0.0,0.0,22904142.076923076
2026 PLAN (2),detail,SEASONAL,2025FW,WEAR,JUN,2606,0.0,0.0,22904142.076923076
2026 PLAN (2),detail,SEASONAL,2025FW,WEAR,JUL,2607,0.0,0.0,22904142.076923076
2026 PLAN (2),detail,SEASONAL,2025FW,WEAR,AUG,2608,0.0,0.0,22904142.076923076
2026 PLAN (2),detail,SEASONAL,2025FW,WEAR,SEP,2609,0.0,0.0,22904142.076923076
2026 PLAN (2),detail,SEASONAL,2025FW,WEAR,OCT,2610,1025100.0,1126483.5164835164,21777658.56043956
2026 PLAN (2),detail,SEASONAL,2025FW,WEAR,NOV,2611,1851850.0,2035000.0,19742658.56043956
2026 PLAN (2),detail,SEASONAL,2025FW,WEAR,DEC,2612,1378000.0,1514285.7142857143,18228372.846153848
2026 PLAN (2),season_total,SEASONAL,2025FW Total,,JAN,2601,7877373.88,9007334.0,31475194.0
2026 PLAN (2),season_total,SEASONAL,2025FW Total,,FEB,2602,5903162.970000003,6812779.0,25678147.0
2026 PLAN (2),season_total,SEASONAL,2025FW Total,,MAR,2603,661500.0,719505.4945054945,24958641.505494505
2026 PLAN (2),season_total,SEASONAL,2025FW Total,,APR,2604,0.0,0.0,24958641.505494505
2026 PLAN (2),season_total,SEASONAL,2025FW Total,,MAY,2605,0.0,0.0,24958641.505494505
2026 PLAN (2),season_total,SEASONAL,2025FW Total,,JUN,2606,0.0,0.0,24958641.505494505
2026 PLAN (2),season_total,SEASONAL,2025FW Total,,JUL,2607,0.0,0.0,24958641.505494505
2026 PLAN (2),season_total,SEASONAL,2025FW Total,,AUG,2608,0.0,0.0,24958641.505494505
2026 PLAN (2),season_total,SEASONAL,2025FW Total,,SEP,2609,0.0,0.0,24958641.505494505
2026 PLAN (2),season_total,SEASONAL,2025FW Total,,OCT,2610,1161780.0,1265952.9042386184,23692688.601255886
2026 PLAN (2),season_total,SEASONAL,2025FW Total,,NOV,2611,1996150.0,2182244.897959184,21510443.703296702
2026 PLAN (2),season_total,SEASONAL,2025FW Total,,DEC,2612,1584700.0,1725204.081632653,19785239.62166405
2026 PLAN (2),detail,SEASONAL,2026SS,ACCESSORY,JAN,2601,0.0,0.0,434840.0
2026 PLAN (2),detail,SEASONAL,2026SS,ACCESSORY,FEB,2602,97508.1,105741.0,831953.0
2026 PLAN (2),detail,SEASONAL,2026SS,ACCESSORY,MAR,2603,189000.0,192857.14285714287,639095.8571428572
2026 PLAN (2),detail,SEASONAL,2026SS,ACCESSORY,APR,2604,371000.0,378571.4285714286,260524.42857142858
2026 PLAN (2),detail,SEASONAL,2026SS,ACCESSORY,MAY,2605,836000.0,908695.652173913,-648171.2236024844
2026 PLAN (2),detail,SEASONAL,2026SS,ACCESSORY,JUN,2606,576600.0,613404.255319149,-1261575.4789216334
2026 PLAN (2),detail,SEASONAL,2026SS,ACCESSORY,JUL,2607,630000.0,684782.6086956521,-1946358.0876172855
2026 PLAN (2),detail,SEASONAL,2026SS,ACCESSORY,AUG,2608,325650.0,353967.39130434784,-2300325.478921633
2026 PLAN (2),detail,SEASONAL,2026SS,ACCESSORY,SEP,2609,123200.0,133913.04347826086,-2434238.522399894
2026 PLAN (2),detail,SEASONAL,2026SS,ACCESSORY,OCT,2610,0.0,0.0,-2434238.522399894
2026 PLAN (2),detail,SEASONAL,2026SS,ACCESSORY,NOV,2611,0.0,0.0,-2434238.522399894
2026 PLAN (2),detail,SEASONAL,2026SS,ACCESSORY,DEC,2612,0.0,0.0,-2434238.522399894
2026 PLAN (2),detail,SEASONAL,2026SS,WEAR,JAN,2601,3373856.71,3891535.0,26322550.0
2026 PLAN (2),detail,SEASONAL,2026SS,WEAR,FEB,2602,6875270.000000001,8001593.0,41247411.0
2026 PLAN (2),detail,SEASONAL,2026SS,WEAR,MAR,2603,5859000.0,6040206.18556701,35207204.81443299
2026 PLAN (2),detail,SEASONAL,2026SS,WEAR,APR,2604,7049000.0,7267010.30927835,27940194.505154643
2026 PLAN (2),detail,SEASONAL,2026SS,WEAR,MAY,2605,7942000.0,8824444.444444444,19115750.0607102
2026 PLAN (2),detail,SEASONAL,2026SS,WEAR,JUN,2606,6919200.0,7603516.483516484,11512233.577193715
2026 PLAN (2),detail,SEASONAL,2026SS,WEAR,JUL,2607,7537500.0,8565340.909090908,2946892.6681028064
2026 PLAN (2),detail,SEASONAL,2026SS,WEAR,AUG,2608,6262500.0,7116477.2727272725,-4169584.604624466
2026 PLAN (2),detail,SEASONAL,2026SS,WEAR,SEP,2609,3542000.0,4025000.0,-8194584.604624466
2026 PLAN (2),detail,SEASONAL,2026SS,WEAR,OCT,2610,1139000.0,1294318.1818181819,-9488902.786442649
2026 PLAN (2),detail,SEASONAL,2026SS,WEAR,NOV,2611,0.0,0.0,-9488902.786442649
2026 PLAN (2),detail,SEASONAL,2026SS,WEAR,DEC,2612,0.0,0.0,-9488902.786442649
2026 PLAN (2),season_total,SEASONAL,2026SS Total,,JAN,2601,3373856.71,3891535.0,26757390.0
2026 PLAN (2),season_total,SEASONAL,2026SS Total,,FEB,2602,6972778.100000001,8107334.0,42079364.0
2026 PLAN (2),season_total,SEASONAL,2026SS Total,,MAR,2603,6048000.0,6233063.328424153,35846300.67157585
2026 PLAN (2),season_total,SEASONAL,2026SS Total,,APR,2604,7420000.0,7645581.7378497785,28200718.933726072
2026 PLAN (2),season_total,SEASONAL,2026SS Total,,MAY,2605,8778000.0,9733140.096618356,18467578.837107714
2026 PLAN (2),season_total,SEASONAL,2026SS Total,,JUN,2606,7495800.0,8216920.738835633,10250658.098272081
2026 PLAN (2),season_total,SEASONAL,2026SS Total,,JUL,2607,8167500.0,9250123.51778656,1000534.5804855209
2026 PLAN (2),season_total,SEASONAL,2026SS Total,,AUG,2608,6588150.0,7470444.66403162,-6469910.083546099
2026 PLAN (2),season_total,SEASONAL,2026SS Total,,SEP,2609,3665200.0,4158913.0434782607,-10628823.12702436
2026 PLAN (2),season_total,SEASONAL,2026SS Total,,OCT,2610,1139000.0,1294318.1818181819,-11923141.308842544
2026 PLAN (2),season_total,SEASONAL,2026SS Total,,NOV,2611,0.0,0.0,-11923141.308842544
2026 PLAN (2),season_total,SEASONAL,2026SS Total,,DEC,2612,0.0,0.0,-11923141.308842544
2026 PLAN (2),detail,SEASONAL,2026FW,ACCESSORY,JAN,2601,,,
2026 PLAN (2),detail,SEASONAL,2026FW,ACCESSORY,FEB,2602,,,
2026 PLAN (2),detail,SEASONAL,2026FW,ACCESSORY,MAR,2603,0.0,0.0,0.0
2026 PLAN (2),detail,SEASONAL,2026FW,ACCESSORY,APR,2604,0.0,0.0,0.0
2026 PLAN (2),detail,SEASONAL,2026FW,ACCESSORY,MAY,2605,0.0,0.0,0.0
2026 PLAN (2),detail,SEASONAL,2026FW,ACCESSORY,JUN,2606,0.0,0.0,0.0
2026 PLAN (2),detail,SEASONAL,2026FW,ACCESSORY,JUL,2607,0.0,0.0,0.0
2026 PLAN (2),detail,SEASONAL,2026FW,ACCESSORY,AUG,2608,0.0,0.0,0.0
2026 PLAN (2),detail,SEASONAL,2026FW,ACCESSORY,SEP,2609,0.0,0.0,0.0
2026 PLAN (2),detail,SEASONAL,2026FW,ACCESSORY,OCT,2610,0.0,0.0,0.0
2026 PLAN (2),detail,SEASONAL,2026FW,ACCESSORY,NOV,2611,0.0,0.0,0.0
2026 PLAN (2),detail,SEASONAL,2026FW,ACCESSORY,DEC,2612,0.0,0.0,0.0
2026 PLAN (2),detail,SEASONAL,2026FW,WEAR,JAN,2601,,,
2026 PLAN (2),detail,SEASONAL,2026FW,WEAR,FEB,2602,,,
2026 PLAN (2),detail,SEASONAL,2026FW,WEAR,MAR,2603,0.0,0.0,0.0
2026 PLAN (2),detail,SEASONAL,2026FW,WEAR,APR,2604,0.0,0.0,0.0
2026 PLAN (2),detail,SEASONAL,2026FW,WEAR,MAY,2605,0.0,0.0,0.0
2026 PLAN (2),detail,SEASONAL,2026FW,WEAR,JUN,2606,384400.0,400416.6666666667,
2026 PLAN (2),detail,SEASONAL,2026FW,WEAR,JUL,2607,1102500.0,1160526.3157894737,
2026 PLAN (2),detail,SEASONAL,2026FW,WEAR,AUG,2608,2004000.0,2109473.6842105263,
2026 PLAN (2),detail,SEASONAL,2026FW,WEAR,SEP,2609,2310000.0,2431578.947368421,
2026 PLAN (2),detail,SEASONAL,2026FW,WEAR,OCT,2610,7859099.999999999,8272736.842105263,
2026 PLAN (2),detail,SEASONAL,2026FW,WEAR,NOV,2611,9620000.0,10126315.789473685,
2026 PLAN (2),detail,SEASONAL,2026FW,WEAR,DEC,2612,13607750.0,14323947.368421054,
2026 PLAN (2),season_total,SEASONAL,2026FW Total,,JAN,2601,,,
2026 PLAN (2),season_total,SEASONAL,2026FW Total,,FEB,2602,,,
2026 PLAN (2),season_total,SEASONAL,2026FW Total,,MAR,2603,0.0,0.0,0.0
2026 PLAN (2),season_total,SEASONAL,2026FW Total,,APR,2604,0.0,0.0,0.0
2026 PLAN (2),season_total,SEASONAL,2026FW Total,,MAY,2605,0.0,0.0,0.0
2026 PLAN (2),season_total,SEASONAL,2026FW Total,,JUN,2606,384400.0,400416.6666666667,
2026 PLAN (2),season_total,SEASONAL,2026FW Total,,JUL,2607,1102500.0,1160526.3157894737,
2026 PLAN (2),season_total,SEASONAL,2026FW Total,,AUG,2608,2004000.0,2109473.6842105263,
2026 PLAN (2),season_total,SEASONAL,2026FW Total,,SEP,2609,2310000.0,2431578.947368421,
2026 PLAN (2),season_total,SEASONAL,2026FW Total,,OCT,2610,7859099.999999999,8272736.842105263,
2026 PLAN (2),season_total,SEASONAL,2026FW Total,,NOV,2611,9620000.0,10126315.789473685,
2026 PLAN (2),season_total,SEASONAL,2026FW Total,,DEC,2612,13607750.0,14323947.368421054,
2026 PLAN (2),detail,SEASONAL,2027SS,ACCESSORY,JAN,2601,,,
2026 PLAN (2),detail,SEASONAL,2027SS,ACCESSORY,FEB,2602,,,
2026 PLAN (2),detail,SEASONAL,2027SS,ACCESSORY,MAR,2603,0.0,0.0,0.0
2026 PLAN (2),detail,SEASONAL,2027SS,ACCESSORY,APR,2604,0.0,0.0,0.0
2026 PLAN (2),detail,SEASONAL,2027SS,ACCESSORY,MAY,2605,0.0,0.0,0.0
2026 PLAN (2),detail,SEASONAL,2027SS,ACCESSORY,JUN,2606,0.0,0.0,0.0
2026 PLAN (2),detail,SEASONAL,2027SS,ACCESSORY,JUL,2607,0.0,0.0,0.0
2026 PLAN (2),detail,SEASONAL,2027SS,ACCESSORY,AUG,2608,0.0,0.0,0.0
2026 PLAN (2),detail,SEASONAL,2027SS,ACCESSORY,SEP,2609,0.0,0.0,0.0
2026 PLAN (2),detail,SEASONAL,2027SS,ACCESSORY,OCT,2610,0.0,0.0,0.0
2026 PLAN (2),detail,SEASONAL,2027SS,ACCESSORY,NOV,2611,0.0,0.0,0.0
2026 PLAN (2),detail,SEASONAL,2027SS,ACCESSORY,DEC,2612,0.0,0.0,0.0
2026 PLAN (2),detail,SEASONAL,2027SS,WEAR,JAN,2601,,,
2026 PLAN (2),detail,SEASONAL,2027SS,WEAR,FEB,2602,,,
2026 PLAN (2),detail,SEASONAL,2027SS,WEAR,MAR,2603,0.0,0.0,0.0
2026 PLAN (2),detail,SEASONAL,2027SS,WEAR,APR,2604,0.0,0.0,0.0
2026 PLAN (2),detail,SEASONAL,2027SS,WEAR,MAY,2605,0.0,0.0,0.0
2026 PLAN (2),detail,SEASONAL,2027SS,WEAR,JUN,2606,0.0,0.0,0.0
2026 PLAN (2),detail,SEASONAL,2027SS,WEAR,JUL,2607,0.0,0.0,0.0
2026 PLAN (2),detail,SEASONAL,2027SS,WEAR,AUG,2608,0.0,0.0,0.0
2026 PLAN (2),detail,SEASONAL,2027SS,WEAR,SEP,2609,0.0,0.0,0.0
2026 PLAN (2),detail,SEASONAL,2027SS,WEAR,OCT,2610,0.0,0.0,0.0
2026 PLAN (2),detail,SEASONAL,2027SS,WEAR,NOV,2611,0.0,0.0,0.0
2026 PLAN (2),detail,SEASONAL,2027SS,WEAR,DEC,2612,585650.0,585650.0,-585650.0
2026 PLAN (2),season_total,SEASONAL,2027SS Total,,JAN,2601,,,
2026 PLAN (2),season_total,SEASONAL,2027SS Total,,FEB,2602,,,
2026 PLAN (2),season_total,SEASONAL,2027SS Total,,MAR,2603,0.0,0.0,0.0
2026 PLAN (2),season_total,SEASONAL,2027SS Total,,APR,2604,0.0,0.0,0.0
2026 PLAN (2),season_total,SEASONAL,2027SS Total,,MAY,2605,0.0,0.0,0.0
2026 PLAN (2),season_total,SEASONAL,2027SS Total,,JUN,2606,0.0,0.0,0.0
2026 PLAN (2),season_total,SEASONAL,2027SS Total,,JUL,2607,0.0,0.0,0.0
2026 PLAN (2),season_total,SEASONAL,2027SS Total,,AUG,2608,0.0,0.0,0.0
2026 PLAN (2),season_total,SEASONAL,2027SS Total,,SEP,2609,0.0,0.0,0.0
2026 PLAN (2),season_total,SEASONAL,2027SS Total,,OCT,2610,0.0,0.0,0.0
2026 PLAN (2),season_total,SEASONAL,2027SS Total,,NOV,2611,0.0,0.0,0.0
2026 PLAN (2),season_total,SEASONAL,2027SS Total,,DEC,2612,585650.0,585650.0,-585650.0
2026 PLAN (2),season_group_total,SEASONAL Total,,,JAN,2601,16030865.64,21435199.0,243546739.0
2026 PLAN (2),season_group_total,SEASONAL Total,,,FEB,2602,17336156.150000002,22738117.0,245253662.0
2026 PLAN (2),season_group_total,SEASONAL Total,,,MAR,2603,9034200.0,10578476.062748652,234675185.93725133
2026 PLAN (2),season_group_total,SEASONAL Total,,,APR,2604,9831500.0,11606434.23339345,223068751.7038579
2026 PLAN (2),season_group_total,SEASONAL Total,,,MAY,2605,11390500.0,14098802.56160435,208969949.14225352
2026 PLAN (2),season_group_total,SEASONAL Total,,,JUN,2606,10282700.0,12810953.397243168,
2026 PLAN (2),season_group_total,SEASONAL Total,,,JUL,2607,11925000.0,15521120.216851296,
2026 PLAN (2),season_group_total,SEASONAL Total,,,AUG,2608,11472900.0,15062307.409587307,
2026 PLAN (2),season_group_total,SEASONAL Total,,,SEP,2609,7854000.0,10365195.13864739,
2026 PLAN (2),season_group_total,SEASONAL Total,,,OCT,2610,11845600.0,14118411.242462937,
2026 PLAN (2),season_group_total,SEASONAL Total,,,NOV,2611,13468000.0,15682384.975610815,
2026 PLAN (2),season_group_total,SEASONAL Total,,,DEC,2612,18603000.0,21646537.8207291,
2026 PLAN (2),detail,NS,2021NS,ACCESSORY,JAN,2601,2051399.03,2138244.0,8088709.0
2026 PLAN (2),detail,NS,2021NS,ACCESSORY,FEB,2602,2810253.8600000013,3034936.0,5742624.0
2026 PLAN (2),detail,NS,2021NS,ACCESSORY,MAR,2603,1701000.0,1790526.3157894737,3952097.6842105263
2026 PLAN (2),detail,NS,2021NS,ACCESSORY,APR,2604,1484000.0,1562105.2631578948,2389992.4210526315
2026 PLAN (2),detail,NS,2021NS,ACCESSORY,MAY,2605,1776500.0000000002,1930978.2608695654,459014.16018306604
2026 PLAN (2),detail,NS,2021NS,ACCESSORY,JUN,2606,1633700.0000000002,1737978.7234042557,-1278964.5632211897
2026 PLAN (2),detail,NS,2021NS,ACCESSORY,JUL,2607,1912500.0000000002,2013157.8947368425,-3292122.4579580324
2026 PLAN (2),detail,NS,2021NS,ACCESSORY,AUG,2608,2254500.0,2373157.8947368423,-5665280.352694875
2026 PLAN (2),detail,NS,2021NS,ACCESSORY,SEP,2609,1339800.0,1410315.7894736843,-7075596.142168559
2026 PLAN (2),detail,NS,2021NS,ACCESSORY,OCT,2610,2050200.0,2158105.263157895,-9233701.405326454
2026 PLAN (2),detail,NS,2021NS,ACCESSORY,NOV,2611,2164500.0,2278421.052631579,-11512122.457958033
2026 PLAN (2),detail,NS,2021NS,ACCESSORY,DEC,2612,3100500.0,3263684.210526316,-14775806.668484349
2026 PLAN (2),detail,NS,2021NS,WEAR,JAN,2601,0.0,0.0,5217.0
2026 PLAN (2),detail,NS,2021NS,WEAR,FEB,2602,0.0,0.0,5217.0
2026 PLAN (2),detail,NS,2021NS,WEAR,MAR,2603,0.0,0.0,5217.0
2026 PLAN (2),detail,NS,2021NS,WEAR,APR,2604,0.0,0.0,5217.0
2026 PLAN (2),detail,NS,2021NS,WEAR,MAY,2605,0.0,0.0,5217.0
2026 PLAN (2),detail,NS,2021NS,WEAR,JUN,2606,0.0,0.0,5217.0
2026 PLAN (2),detail,NS,2021NS,WEAR,JUL,2607,0.0,0.0,5217.0
2026 PLAN (2),detail,NS,2021NS,WEAR,AUG,2608,0.0,0.0,5217.0
2026 PLAN (2),detail,NS,2021NS,WEAR,SEP,2609,0.0,0.0,5217.0
2026 PLAN (2),detail,NS,2021NS,WEAR,OCT,2610,0.0,0.0,5217.0
2026 PLAN (2),detail,NS,2021NS,WEAR,NOV,2611,0.0,0.0,5217.0
2026 PLAN (2),detail,NS,2021NS,WEAR,DEC,2612,0.0,0.0,5217.0
2026 PLAN (2),season_total,NS,2021NS Total,,JAN,2601,2051399.03,2138244.0,8093926.0
2026 PLAN (2),season_total,NS,2021NS Total,,FEB,2602,2810253.8600000013,3034936.0,5747841.0
2026 PLAN (2),season_total,NS,2021NS Total,,MAR,2603,1701000.0,1790526.3157894737,3957314.6842105263
2026 PLAN (2),season_total,NS,2021NS Total,,APR,2604,1484000.0,1562105.2631578948,2395209.4210526315
2026 PLAN (2),season_total,NS,2021NS Total,,MAY,2605,1776500.0000000002,1930978.2608695654,464231.16018306604
2026 PLAN (2),season_total,NS,2021NS Total,,JUN,2606,1633700.0000000002,1737978.7234042557,-1273747.5632211897
2026 PLAN (2),season_total,NS,2021NS Total,,JUL,2607,1912500.0000000002,2013157.8947368425,-3286905.4579580324
2026 PLAN (2),season_total,NS,2021NS Total,,AUG,2608,2254500.0,2373157.8947368423,-5660063.352694875
2026 PLAN (2),season_total,NS,2021NS Total,,SEP,2609,1339800.0,1410315.7894736843,-7070379.142168559
2026 PLAN (2),season_total,NS,2021NS Total,,OCT,2610,2050200.0,2158105.263157895,-9228484.405326454
2026 PLAN (2),season_total,NS,2021NS Total,,NOV,2611,2164500.0,2278421.052631579,-11506905.457958033
2026 PLAN (2),season_total,NS,2021NS Total,,DEC,2612,3100500.0,3263684.210526316,-14770589.668484349
2026 PLAN (2),detail,NS,2022NS,ACCESSORY,JAN,2601,484335.46,557782.0,7466885.0
2026 PLAN (2),detail,NS,2022NS,ACCESSORY,FEB,2602,630127.9299999998,764041.0,6894204.0
2026 PLAN (2),detail,NS,2022NS,ACCESSORY,MAR,2603,378000.0,450000.0,6444204.0
2026 PLAN (2),detail,NS,2022NS,ACCESSORY,APR,2604,278250.0,331250.0,6112954.0
2026 PLAN (2),detail,NS,2022NS,ACCESSORY,MAY,2605,209000.0,248809.52380952382,5864144.476190476
2026 PLAN (2),detail,NS,2022NS,ACCESSORY,JUN,2606,192200.0,228809.52380952382,5635334.9523809515
2026 PLAN (2),detail,NS,2022NS,ACCESSORY,JUL,2607,180000.0,214285.7142857143,5421049.238095237
2026 PLAN (2),detail,NS,2022NS,ACCESSORY,AUG,2608,501000.0,596428.5714285715,4824620.666666665
2026 PLAN (2),detail,NS,2022NS,ACCESSORY,SEP,2609,308000.0,366666.6666666667,4457953.999999998
2026 PLAN (2),detail,NS,2022NS,ACCESSORY,OCT,2610,455600.0,542380.9523809524,3915573.0476190457
2026 PLAN (2),detail,NS,2022NS,ACCESSORY,NOV,2611,481000.0,572619.0476190477,3342953.999999998
2026 PLAN (2),detail,NS,2022NS,ACCESSORY,DEC,2612,689000.0,820238.0952380953,2522715.904761903
2026 PLAN (2),detail,NS,2022NS,WEAR,JAN,2601,0.0,0.0,68712.0
2026 PLAN (2),detail,NS,2022NS,WEAR,FEB,2602,0.0,0.0,68712.0
2026 PLAN (2),detail,NS,2022NS,WEAR,MAR,2603,0.0,0.0,68712.0
2026 PLAN (2),detail,NS,2022NS,WEAR,APR,2604,0.0,0.0,68712.0
2026 PLAN (2),detail,NS,2022NS,WEAR,MAY,2605,0.0,0.0,68712.0
2026 PLAN (2),detail,NS,2022NS,WEAR,JUN,2606,0.0,0.0,68712.0
2026 PLAN (2),detail,NS,2022NS,WEAR,JUL,2607,0.0,0.0,68712.0
2026 PLAN (2),detail,NS,2022NS,WEAR,AUG,2608,0.0,0.0,68712.0
2026 PLAN (2),detail,NS,2022NS,WEAR,SEP,2609,0.0,0.0,68712.0
2026 PLAN (2),detail,NS,2022NS,WEAR,OCT,2610,0.0,0.0,68712.0
2026 PLAN (2),detail,NS,2022NS,WEAR,NOV,2611,0.0,0.0,68712.0
2026 PLAN (2),detail,NS,2022NS,WEAR,DEC,2612,0.0,0.0,68712.0
2026 PLAN (2),season_total,NS,2022NS Total,,JAN,2601,484335.46,557782.0,7535597.0
2026 PLAN (2),season_total,NS,2022NS Total,,FEB,2602,630127.9299999998,764041.0,6962916.0
2026 PLAN (2),season_total,NS,2022NS Total,,MAR,2603,378000.0,450000.0,6512916.0
2026 PLAN (2),season_total,NS,2022NS Total,,APR,2604,278250.0,331250.0,6181666.0
2026 PLAN (2),season_total,NS,2022NS Total,,MAY,2605,209000.0,248809.52380952382,5932856.476190476
2026 PLAN (2),season_total,NS,2022NS Total,,JUN,2606,192200.0,228809.52380952382,5704046.9523809515
2026 PLAN (2),season_total,NS,2022NS Total,,JUL,2607,180000.0,214285.7142857143,5489761.238095237
2026 PLAN (2),season_total,NS,2022NS Total,,AUG,2608,501000.0,596428.5714285715,4893332.666666665
2026 PLAN (2),season_total,NS,2022NS Total,,SEP,2609,308000.0,366666.6666666667,4526665.999999998
2026 PLAN (2),season_total,NS,2022NS Total,,OCT,2610,455600.0,542380.9523809524,3984285.0476190457
2026 PLAN (2),season_total,NS,2022NS Total,,NOV,2611,481000.0,572619.0476190477,3411665.999999998
2026 PLAN (2),season_total,NS,2022NS Total,,DEC,2612,689000.0,820238.0952380953,2591427.904761903
2026 PLAN (2),detail,NS,2023NS,ACCESSORY,JAN,2601,594643.1599999999,937523.0,21732455.0
2026 PLAN (2),detail,NS,2023NS,ACCESSORY,FEB,2602,866459.3800000002,1348340.0,20384115.0
2026 PLAN (2),detail,NS,2023NS,ACCESSORY,MAR,2603,378000.0,590625.0,19793490.0
2026 PLAN (2),detail,NS,2023NS,ACCESSORY,APR,2604,278250.0,434765.625,19358724.375
2026 PLAN (2),detail,NS,2023NS,ACCESSORY,MAY,2605,313500.0,489843.75,18868880.625
2026 PLAN (2),detail,NS,2023NS,ACCESSORY,JUN,2606,288300.0,450468.75,18418411.875
2026 PLAN (2),detail,NS,2023NS,ACCESSORY,JUL,2607,270000.0,421875.0,17996536.875
2026 PLAN (2),detail,NS,2023NS,ACCESSORY,AUG,2608,300600.0,469687.5,17526849.375
2026 PLAN (2),detail,NS,2023NS,ACCESSORY,SEP,2609,277200.0,433125.0,17093724.375
2026 PLAN (2),detail,NS,2023NS,ACCESSORY,OCT,2610,227800.0,355937.5,16737786.875
2026 PLAN (2),detail,NS,2023NS,ACCESSORY,NOV,2611,240500.0,375781.25,16362005.625
2026 PLAN (2),detail,NS,2023NS,ACCESSORY,DEC,2612,344500.0,538281.25,15823724.375
2026 PLAN (2),detail,NS,2024NS,ACCESSORY,JAN,2601,1468327.77,1903747.0,25199555.0
2026 PLAN (2),detail,NS,2024NS,ACCESSORY,FEB,2602,1909596.6099999999,2512640.0,22747782.0
2026 PLAN (2),detail,NS,2024NS,ACCESSORY,MAR,2603,869400.0,1114615.3846153845,21633166.615384616
2026 PLAN (2),detail,NS,2024NS,ACCESSORY,APR,2604,742000.0,951282.0512820513,20681884.564102564
2026 PLAN (2),detail,NS,2024NS,ACCESSORY,MAY,2605,522500.0,687500.0,19994384.564102564
2026 PLAN (2),detail,NS,2024NS,ACCESSORY,JUN,2606,480500.0,632236.8421052631,19362147.721997302
2026 PLAN (2),detail,NS,2024NS,ACCESSORY,JUL,2607,450000.0,592105.2631578947,18770042.45883941
2026 PLAN (2),detail,NS,2024NS,ACCESSORY,AUG,2608,501000.0,659210.5263157894,18110831.93252362
2026 PLAN (2),detail,NS,2024NS,ACCESSORY,SEP,2609,693000.0,911842.1052631579,17198989.82726046
2026 PLAN (2),detail,NS,2024NS,ACCESSORY,OCT,2610,683400.0,899210.5263157894,16299779.300944671
2026 PLAN (2),detail,NS,2024NS,ACCESSORY,NOV,2611,721500.0,949342.1052631579,15350437.195681512
2026 PLAN (2),detail,NS,2024NS,ACCESSORY,DEC,2612,1033500.0,1359868.4210526315,13990568.774628881
2026 PLAN (2),detail,NS,2025NS,ACCESSORY,JAN,2601,5961426.630000003,6619045.0,37883735.0
2026 PLAN (2),detail,NS,2025NS,ACCESSORY,FEB,2602,6588168.730000004,7448405.97,31124932.0
2026 PLAN (2),detail,NS,2025NS,ACCESSORY,MAR,2603,2759400.0,2874375.0,28250557.0
2026 PLAN (2),detail,NS,2025NS,ACCESSORY,APR,2604,2133250.0,2222135.416666667,26028421.583333332
2026 PLAN (2),detail,NS,2025NS,ACCESSORY,MAY,2605,2090000.0,2271739.1304347827,23756682.45289855
2026 PLAN (2),detail,NS,2025NS,ACCESSORY,JUN,2606,1922000.0,2044680.8510638298,21712001.601834722
2026 PLAN (2),detail,NS,2025NS,ACCESSORY,JUL,2607,2250000.0,2445652.1739130435,19266349.42792168
2026 PLAN (2),detail,NS,2025NS,ACCESSORY,AUG,2608,2505000.0,2722826.0869565215,16543523.340965157
2026 PLAN (2),detail,NS,2025NS,ACCESSORY,SEP,2609,1232000.0,1310638.2978723405,15232885.043092817
2026 PLAN (2),detail,NS,2025NS,ACCESSORY,OCT,2610,1139000.0,1211702.1276595746,14021182.915433243
2026 PLAN (2),detail,NS,2025NS,ACCESSORY,NOV,2611,1202500.0,1279255.3191489363,12741927.596284308
2026 PLAN (2),detail,NS,2025NS,ACCESSORY,DEC,2612,1378000.0,1465957.4468085107,11275970.149475796
2026 PLAN (2),detail,NS,2026NS,ACCESSORY,JAN,2601,2258487.9599999995,2540392.0,22488053.0
2026 PLAN (2),detail,NS,2026NS,ACCESSORY,FEB,2602,6741174.300000002,7585386.0,21222938.0
2026 PLAN (2),detail,NS,2026NS,ACCESSORY,MAR,2603,3780000.0,3857142.8571428573,17365795.14285714
2026 PLAN (2),detail,NS,2026NS,ACCESSORY,APR,2604,3802750.0,3880357.1428571427,13485438.0
2026 PLAN (2),detail,NS,2026NS,ACCESSORY,MAY,2605,4598000.0,4997826.0869565215,8487611.913043479
2026 PLAN (2),detail,NS,2026NS,ACCESSORY,JUN,2606,4420600.0,4702765.957446809,3784845.9555966696
2026 PLAN (2),detail,NS,2026NS,ACCESSORY,JUL,2607,5512500.0,5991847.826086956,-2207001.8704902865
2026 PLAN (2),detail,NS,2026NS,ACCESSORY,AUG,2608,7515000.0,8168478.2608695645,-10375480.131359851
2026 PLAN (2),detail,NS,2026NS,ACCESSORY,SEP,2609,3696000.0,3931914.8936170214,-14307395.024976872
2026 PLAN (2),detail,NS,2026NS,ACCESSORY,OCT,2610,6378400.000000001,6785531.914893619,-21092926.93987049
2026 PLAN (2),detail,NS,2026NS,ACCESSORY,NOV,2611,5772000.0,6140425.531914894,-27233352.471785385
2026 PLAN (2),detail,NS,2026NS,ACCESSORY,DEC,2612,9301500.0,9895212.765957447,-37128565.237742834
2026 PLAN (2),detail,NS,2027NS,ACCESSORY,JAN,2601,,,
2026 PLAN (2),detail,NS,2027NS,ACCESSORY,FEB,2602,,,
2026 PLAN (2),detail,NS,2027NS,ACCESSORY,MAR,2603,0.0,0.0,0.0
2026 PLAN (2),detail,NS,2027NS,ACCESSORY,APR,2604,0.0,0.0,0.0
2026 PLAN (2),detail,NS,2027NS,ACCESSORY,MAY,2605,0.0,0.0,0.0
2026 PLAN (2),detail,NS,2027NS,ACCESSORY,JUN,2606,0.0,0.0,0.0
2026 PLAN (2),detail,NS,2027NS,ACCESSORY,JUL,2607,0.0,0.0,0.0
2026 PLAN (2),detail,NS,2027NS,ACCESSORY,AUG,2608,0.0,0.0,0.0
2026 PLAN (2),detail,NS,2027NS,ACCESSORY,SEP,2609,0.0,0.0,0.0
2026 PLAN (2),detail,NS,2027NS,ACCESSORY,OCT,2610,0.0,0.0,0.0
2026 PLAN (2),detail,NS,2027NS,ACCESSORY,NOV,2611,0.0,0.0,0.0
2026 PLAN (2),detail,NS,2027NS,ACCESSORY,DEC,2612,0.0,0.0,0.0
2026 PLAN (2),season_group_total,NS Total,,,JAN,2601,12818620.010000002,14696733.0,122933321.0
2026 PLAN (2),season_group_total,NS Total,,,FEB,2602,19545780.810000006,22693748.97,108190524.0
2026 PLAN (2),season_group_total,NS Total,,,MAR,2603,9865800.0,10677284.557547715,97513239.44245228
2026 PLAN (2),season_group_total,NS Total,,,APR,2604,8718500.0,9381895.498963755,88131343.94348852
2026 PLAN (2),season_group_total,NS Total,,,MAY,2605,9509500.0,10626696.752070393,77504647.19141814
2026 PLAN (2),season_group_total,NS Total,,,JUN,2606,8937300.0,9796940.647829682,67707706.54358844
2026 PLAN (2),season_group_total,NS Total,,,JUL,2607,10575000.0,11678923.87218045,56028782.67140801
2026 PLAN (2),season_group_total,NS Total,,,AUG,2608,13577100.0,14989788.840307288,41038993.83110072
2026 PLAN (2),season_group_total,NS Total,,,SEP,2609,7546000.0,8364502.75289287,32674491.078207843
2026 PLAN (2),season_group_total,NS Total,,,OCT,2610,10934400.0,11952868.284407832,20721622.79380001
2026 PLAN (2),season_group_total,NS Total,,,NOV,2611,10582000.0,11595844.306577614,9125778.4872224
2026 PLAN (2),season_group_total,NS Total,,,DEC,2612,15847000.0,17343242.189583,-8217463.7023606
2026 PLAN (2),grand_total,Grand Total,,,JAN,2601,28849485.650000006,36131932.0,366480060.0
2026 PLAN (2),grand_total,Grand Total,,,FEB,2602,36881936.96000001,45431865.97,353444186.0
2026 PLAN (2),grand_total,Grand Total,,,MAR,2603,18900000.0,21255760.620296367,332188425.37970364
2026 PLAN (2),grand_total,Grand Total,,,APR,2604,18550000.0,20988329.732357204,311200095.64734644
2026 PLAN (2),grand_total,Grand Total,,,MAY,2605,20900000.0,24725499.313674744,286474596.3336717
2026 PLAN (2),grand_total,Grand Total,,,JUN,2606,19220000.0,22607894.04507285,
2026 PLAN (2),grand_total,Grand Total,,,JUL,2607,22500000.0,27200044.08903175,
2026 PLAN (2),grand_total,Grand Total,,,AUG,2608,25050000.0,30052096.249894597,
2026 PLAN (2),grand_total,Grand Total,,,SEP,2609,15400000.0,18729697.89154026,
2026 PLAN (2),grand_total,Grand Total,,,OCT,2610,22780000.0,26071279.52687077,
2026 PLAN (2),grand_total,Grand Total,,,NOV,2611,24050000.0,27278229.28218843,
2026 PLAN (2),grand_total,Grand Total,,,DEC,2612,34450000.0,38989780.010312095,
