sheet_name,summary_year,category,ttl_sold_amt,amt_vs_ly,ttl_sold_gross,disc_off,gross_vs_ly,month_name,month_code,sold_amt,sold_gross
2026 PLAN (2),2026,ACCESSORY,146838501.52,1.1526350478583454,164444295.85608783,0.1070623595937642,-0.03880360169328434,JAN,2601,14632794.770000001,17140755.0
2026 PLAN (2),2026,ACCESSORY,146838501.52,1.1526350478583454,164444295.85608783,0.1070623595937642,-0.03880360169328434,FEB,2602,21029376.750000007,24631302.97
2026 PLAN (2),2026,ACCESSORY,146838501.52,1.1526350478583454,164444295.85608783,0.1070623595937642,-0.03880360169328434,MAR,2603,10300500.0,11164977.511652434
2026 PLAN (2),2026,ACCESSORY,146838501.52,1.1526350478583454,164444295.85608783,0.1070623595937642,-0.03880360169328434,APR,2604,9219350.0,9962334.574594008
2026 PLAN (2),2026,ACCESSORY,146838501.52,1.1526350478583454,164444295.85608783,0.1070623595937642,-0.03880360169328434,MAY,2605,10470900.0,11738245.345420778
2026 PLAN (2),2026,ACCESSORY,146838501.52,1.1526350478583454,164444295.85608783,0.1070623595937642,-0.03880360169328434,JUN,2606,9629220.0,10613726.185894992
2026 PLAN (2),2026,ACCESSORY,146838501.52,1.1526350478583454,164444295.85608783,0.1070623595937642,-0.03880360169328434,JUL,2607,11362500.0,12663462.578437079
2026 PLAN (2),2026,ACCESSORY,146838501.52,1.1526350478583454,164444295.85608783,0.1070623595937642,-0.03880360169328434,AUG,2608,14078100.0,15677484.68689619
2026 PLAN (2),2026,ACCESSORY,146838501.52,1.1526350478583454,164444295.85608783,0.1070623595937642,-0.03880360169328434,SEP,2609,7777000.0,8669952.277505174
2026 PLAN (2),2026,ACCESSORY,146838501.52,1.1526350478583454,164444295.85608783,0.1070623595937642,-0.03880360169328434,OCT,2610,11207760.0,12314439.110561933
2026 PLAN (2),2026,ACCESSORY,146838501.52,1.1526350478583454,164444295.85608783,0.1070623595937642,-0.03880360169328434,NOV,2611,10870600.0,11977572.944374196
2026 PLAN (2),2026,ACCESSORY,146838501.52,1.1526350478583454,164444295.85608783,0.1070623595937642,-0.03880360169328434,DEC,2612,16260400.0,17890042.670751076
2026 PLAN (2),2026,WEAR,140692921.09,1.149790470164513,175018112.87515122,0.1961236538394001,-0.04520462297708128,JAN,2601,14216690.879999999,18991177.0
2026 PLAN (2),2026,WEAR,140692921.09,1.149790470164513,175018112.87515122,0.1961236538394001,-0.04520462297708128,FEB,2602,15852560.210000005,20800563.0
2026 PLAN (2),2026,WEAR,140692921.09,1.149790470164513,175018112.87515122,0.1961236538394001,-0.04520462297708128,MAR,2603,8599500.0,10090783.108643934
2026 PLAN (2),2026,WEAR,140692921.09,1.149790470164513,175018112.87515122,0.1961236538394001,-0.04520462297708128,APR,2604,9330650.0,11025995.157763198
2026 PLAN (2),2026,WEAR,140692921.09,1.149790470164513,175018112.87515122,0.1961236538394001,-0.04520462297708128,MAY,2605,10429100.0,12987253.968253968
2026 PLAN (2),2026,WEAR,140692921.09,1.149790470164513,175018112.87515122,0.1961236538394001,-0.04520462297708128,JUN,2606,9590780.0,11994167.85917786
2026 PLAN (2),2026,WEAR,140692921.09,1.149790470164513,175018112.87515122,0.1961236538394001,-0.04520462297708128,JUL,2607,11137500.0,14536581.510594668
2026 PLAN (2),2026,WEAR,140692921.09,1.149790470164513,175018112.87515122,0.1961236538394001,-0.04520462297708128,AUG,2608,10971900.0,14374611.562998405
2026 PLAN (2),2026,WEAR,140692921.09,1.149790470164513,175018112.87515122,0.1961236538394001,-0.04520462297708128,SEP,2609,7623000.0,10059745.614035089
2026 PLAN (2),2026,WEAR,140692921.09,1.149790470164513,175018112.87515122,0.1961236538394001,-0.04520462297708128,OCT,2610,11572240.0,13756840.416308837
2026 PLAN (2),2026,WEAR,140692921.09,1.149790470164513,175018112.87515122,0.1961236538394001,-0.04520462297708128,NOV,2611,13179400.0,15300656.337814232
2026 PLAN (2),2026,WEAR,140692921.09,1.149790470164513,175018112.87515122,0.1961236538394001,-0.04520462297708128,DEC,2612,18189600.0,21099737.339561023
2026 PLAN (2),2026,TOTAL,287531422.61,1.151241401999603,339462408.731239,0.1529800790471445,-0.042483240455112314,JAN,2601,28849485.65,36131932.0
2026 PLAN (2),2026,TOTAL,287531422.61,1.151241401999603,339462408.731239,0.1529800790471445,-0.042483240455112314,FEB,2602,36881936.96000001,45431865.97
2026 PLAN (2),2026,TOTAL,287531422.61,1.151241401999603,339462408.731239,0.1529800790471445,-0.042483240455112314,MAR,2603,18900000.0,21255760.620296367
2026 PLAN (2),2026,TOTAL,287531422.61,1.151241401999603,339462408.731239,0.1529800790471445,-0.042483240455112314,APR,2604,18550000.0,20988329.732357204
2026 PLAN (2),2026,TOTAL,287531422.61,1.151241401999603,339462408.731239,0.1529800790471445,-0.042483240455112314,MAY,2605,20900000.0,24725499.313674748
2026 PLAN (2),2026,TOTAL,287531422.61,1.151241401999603,339462408.731239,0.1529800790471445,-0.042483240455112314,JUN,2606,19220000.0,22607894.045072854
2026 PLAN (2),2026,TOTAL,287531422.61,1.151241401999603,339462408.731239,0.1529800790471445,-0.042483240455112314,JUL,2607,22500000.0,27200044.08903175
2026 PLAN (2),2026,TOTAL,287531422.61,1.151241401999603,339462408.731239,0.1529800790471445,-0.042483240455112314,AUG,2608,25050000.0,30052096.249894597
2026 PLAN (2),2026,TOTAL,287531422.61,1.151241401999603,339462408.731239,0.1529800790471445,-0.042483240455112314,SEP,2609,15400000.0,18729697.891540263
2026 PLAN (2),2026,TOTAL,287531422.61,1.151241401999603,339462408.731239,0.1529800790471445,-0.042483240455112314,OCT,2610,22780000.0,26071279.526870772
2026 PLAN (2),2026,TOTAL,287531422.61,1.151241401999603,339462408.731239,0.1529800790471445,-0.042483240455112314,NOV,2611,24050000.0,27278229.28218843
2026 PLAN (2),2026,TOTAL,287531422.61,1.151241401999603,339462408.731239,0.1529800790471445,-0.042483240455112314,DEC,2612,34450000.0,38989780.010312095
